Date,Open,High,Low,Close,Volume,SMA_20,SMA_50,Daily_Return,Cumulative_Return
2023-01-03,128.3437644584535,128.9545451464431,122.32457128587431,123.21119689941406,112117500,,,,
2023-01-04,125.00416235162118,126.7478608503369,123.22106494631889,124.48204040527344,89113600,,,0.01031435078823928,1.0103143507882393
2023-01-05,125.24057541769616,125.87106305679183,122.90580346279697,123.16193389892578,80962700,,,-0.010604794892900338,0.9996001743207762
2023-01-06,124.13723200436364,128.3536136037993,123.03387482286254,127.69357299804688,87754700,,,0.03679415348284509,1.0363796165562136
2023-01-09,128.530949601707,131.4272575812406,127.95956778658704,128.2156982421875,70790800,,,0.004088892117918963,1.040617261001522
2023-01-10,128.32406282244906,129.30920076375085,126.21586822934367,128.78707885742188,63896200,,,0.004456401385071418,1.0452546692047784
2023-01-11,129.29935853420528,131.52576493439358,128.52110615216108,131.50607299804688,69458900,,,0.021112320931163886,1.0673224212358272
2023-01-12,131.89027740511193,132.26461961526783,129.48653833184324,131.42726135253906,71379600,,,-0.0005993004255323564,1.0666827744546004
2023-01-13,130.0677943507176,132.91484312570734,129.7032980297447,132.75721740722656,57809700,,,0.010119331720076286,1.0774768912893977
2023-01-17,132.82617382563913,135.24960517017936,132.13658015166487,133.919677734375,63646600,,,0.008756287227553505,1.0869115884305791
2023-01-18,134.78658853017248,136.5499789381121,133.02318309021993,133.2005157470703,69672800,,,-0.0053700994467080765,1.0810747651109274
2023-01-19,132.08732673527206,134.22507474572916,131.7819363097804,133.2596435546875,58280400,,,0.0004439007408159057,1.0815546550000374
2023-01-20,133.26946486486585,135.9687483442848,132.22522101014553,135.8209686279297,80223600,,,0.019220560740814685,1.1023427419409766
2023-01-23,136.06724948686616,141.18997887668803,135.85051793428082,139.0128173828125,81760300,,,0.02350041224950039,1.128248250816834
2023-01-24,138.22470516633354,141.03235437334166,138.21485919822922,140.41171264648438,66435100,,,0.010063066773329243,1.1396018883016958
2023-01-25,138.79610855058309,140.31321463501226,136.74701946562928,139.75169372558594,65799300,,,-0.004700597325240086,1.1342450787137064
2023-01-26,141.04216734379196,142.10611789862443,139.79103821468215,141.8204345703125,54105100,,,0.014802975116628758,1.151035280390064
2023-01-27,141.03234821855804,145.04185173584784,140.95353538112576,143.76116943359375,70555800,,,0.013684451533104491,1.1667865668974553
2023-01-30,142.80561778514152,143.38684562469143,140.72697590646771,140.87474060058594,64015300,,,-0.02007794486077208,1.1433598905429987
2023-01-31,140.57918779657314,142.19481349464007,140.16543164570373,142.1455535888672,65874500,133.76105003356935,,0.009020871895582205,1.153673993646134
2023-02-01,141.83032262446247,144.43108640849707,139.21971287170524,143.26861572265625,77663600,134.76392097473143,,0.007900789756936977,1.1627889293179778
2023-02-02,146.6870585876551,148.93317227622254,145.96791197621397,148.5785369873047,118339000,135.968745803833,,0.037062696794164296,1.205885022840901
2023-02-03,145.82996797468513,155.04101372137666,145.6329433931969,152.2038116455078,154357300,137.42083969116212,,0.024399719715323842,1.235308279407126
2023-02-06,150.30250288074524,150.82462478693864,148.53909754834626,149.4749755859375,69858300,138.50990982055663,,-0.017928828654606543,1.2131606489300188
2023-02-07,148.4011799958932,152.9229595728958,148.4011799958932,152.35157775878906,83322600,139.71670379638672,,0.01924470742728257,1.2365075706809694
2023-02-08,151.59304759782992,152.28264122485135,148.92331687434466,149.66217041015625,64120100,140.76045837402344,,-0.017652638641464047,1.2146799493583036
2023-02-09,151.49451696275133,152.0363458567265,148.18445275739066,148.6277618408203,56007100,141.6165428161621,,-0.00691162346838281,1.2062845389137447
2023-02-10,147.46354505272012,149.31842209117474,147.226745512614,148.99282836914062,57450700,142.49482116699218,,0.0024562472299844984,1.2092474719710247
2023-02-13,148.93359032508786,152.19937257308402,148.90399227277663,151.79486083984375,62199000,143.44670333862305,,0.01880649224109554,1.2319891751702121
2023-02-14,150.0879588919917,151.71592703699005,148.84479553532418,151.15353393554688,61707600,144.30839614868165,,-0.00422495795146538,1.2267840727084574
2023-02-15,151.06476513520522,153.4228390365263,150.83784167870803,153.25511169433594,65573800,145.3111259460449,,0.0139035965886527,1.2438407835567802
2023-02-16,151.4594283283723,154.24176636818623,151.3015770289575,151.65676879882812,68167900,146.23098220825196,,-0.010429295818175865,1.2308684000743548
2023-02-17,150.314927401964,150.95623873407766,148.83496427712012,150.5122528076172,59144100,146.96554641723634,,-0.0075467517887654045,1.2215793417743588
2023-02-21,148.1936535747809,149.27896600318738,146.42757068306315,146.4966278076172,58867200,147.33973693847656,,-0.026679721584745075,1.1889879450421428
2023-02-22,146.88139380804506,147.94696900428042,145.19424437189434,146.92086791992188,51011300,147.66519470214843,,0.0028959036030631324,1.1924311395161888
2023-02-23,148.08508220881998,148.33174268890195,145.2731617688621,147.404296875,48394200,148.04782485961914,,0.0032904036160581462,1.1963547192495532
2023-02-24,145.1449254913303,145.22385866894857,143.77349352201168,144.75027465820312,55469600,148.19431686401367,,-0.018005053265492732,1.1748142888050415
2023-02-27,145.73692063205627,147.1774097603546,145.48038403430326,145.94410705566406,44998500,148.3034637451172,,0.0082475311378849,1.184503606233193
2023-02-28,145.08572620470352,147.08860849628215,144.86866373473268,145.44091796875,50547000,148.5317726135254,,-0.0034478205188658295,1.1804196503949518
2023-03-01,144.86867310742886,145.26332395747403,143.07297711330398,143.3689727783203,55479000,148.59294357299805,,-0.014245957873250448,1.1636034417826682
2023-03-02,142.45137644789077,144.75025410916558,141.97777744941413,143.9609375,52238100,148.62755966186523,,0.004128959775662189,1.168407913588611
2023-03-03,146.0624926286878,149.0914911594904,145.36198515518814,149.01255798339844,70732300,148.6492607116699,,0.03509021663184453,1.2094076003907968
2023-03-06,151.7356876269036,154.21216902598104,151.41010897005816,151.77516174316406,87558000,148.62782821655273,,0.01853940229704265,1.2318292944355427
2023-03-07,151.64687511738626,151.9724687898397,149.11121296034582,149.57493591308594,56182000,148.63282623291016,,-0.014496613311480888,1.2139719414883563
2023-03-08,150.76880680073876,151.41999432910836,149.80190156632023,150.8280029296875,47204800,148.55664749145507,,0.00837751999659675,1.2241420157034824
2023-03-09,151.5087739759212,152.47567911750554,148.2232536400137,148.5784454345703,53833600,148.5024612426758,,-0.014914720419429539,1.205884279785588
2023-03-10,148.2035375357173,148.92378215572674,145.63826168901898,146.51637268066406,68572400,148.39689178466796,,-0.013878680368979435,1.1891481973044669
2023-03-13,145.83556564568843,151.09436981836478,145.72703441304543,148.4600372314453,84457100,148.3702522277832,,0.013265852240401221,1.2049232615818475
2023-03-14,149.25921331444258,151.35088971565344,148.09498288130473,150.5517120361328,73695900,148.30809478759767,,0.014089143743286403,1.2218995986139036
2023-03-15,149.1704067412566,151.20288685726504,147.9173671829065,150.9463653564453,77167900,148.29773635864257,142.74568801879883,0.002621380487641156,1.2251026623795667
2023-03-16,150.127461556798,154.3700254849667,149.6144034630521,153.76817321777344,76161100,148.32338943481446,143.35682754516603,0.018694109359074007,1.248004865526183
2023-03-17,153.99511025228628,154.64629769155513,152.21915135199143,152.92953491210938,98944600,148.38702774047852,143.92577743530273,-0.005453913434195212,1.2411983550241488
2023-03-20,152.99860710640667,155.7118730486912,152.09088307007352,155.29747009277344,73641400,148.62628860473632,144.56848815917968,0.015483831700821904,1.2604168614606797
2023-03-21,155.21854884327422,157.2707512481165,154.44895412275298,157.15235900878906,73938300,149.15907516479493,145.15766387939453,0.01194410259811396,1.2754714097703588
2023-03-22,157.17205976289748,159.97411918282307,155.70195789263863,155.72169494628906,75701800,149.59911651611327,145.70778381347657,-0.009103675385617294,1.2638599320921737
2023-03-23,156.70836691747317,159.39203464017027,155.57371946683134,156.80702209472656,67622100,150.06925277709962,146.26818267822264,0.0069696592296393245,1.2726686051328513
2023-03-24,156.73794326990517,158.19816916372028,155.74144030435596,158.109375,59196500,150.73720779418946,146.8002487182617,0.008305450150610572,1.2832386907910294
2023-03-27,157.80352453027854,158.62243920020293,155.76116835559435,156.1656951904297,52390300,151.24828720092773,147.29501739501953,-0.012293260975639875,1.2674635026710968
2023-03-28,155.85986113132142,156.37291926303735,153.89643783944095,155.54412841796875,45992200,151.75344772338866,147.75075561523437,-0.003980174850199969,1.262418776314219
2023-03-29,157.241143834068,158.8987103608656,157.22142183199622,158.62245178222656,51305700,152.516121673584,148.2448110961914,0.0197906754537589,1.2874028966029851
2023-03-30,159.37232351853436,160.29976965443572,159.1158019499735,160.1912384033203,49501700,153.32763671875,148.78462554931642,0.009890066654924423,1.3001353970621314
2023-03-31,160.270134648553,162.79593585053084,159.74721557415742,162.697265625,68749800,154.0118721008301,149.37337799072264,0.015643971834278236,1.3204746785945196
2023-04-03,162.07570339841976,164.06870961825848,162.02636828199599,163.9503173828125,56976200,154.6206298828125,149.93596496582032,0.00770173827445042,1.3306446289670937
2023-04-04,164.37457023031905,164.6113546852389,162.90446816785285,163.4175262451172,46278300,155.31275939941406,150.42405914306642,-0.0032497109258488033,1.3263204185779174
2023-04-05,162.53941454235493,162.84527116493152,159.6386845457234,161.57249450683594,51511700,155.8499839782715,150.84727478027344,-0.011290292912118916,1.3113458725568485
2023-04-06,160.2602872813979,162.75650592852264,159.83603835658786,162.46051025390625,45390100,156.5440872192383,151.30145111083985,0.005496082422820736,1.3185531375572468
2023-04-10,159.26376357061562,159.86561584472656,157.94166678976978,159.86561584472656,47716900,157.2115493774414,151.66235473632813,-0.01597246250873019,1.2974925970018452
2023-04-11,160.18136751588224,160.1912285181147,158.3659344224378,158.65206909179688,47644200,157.72115097045898,151.9601727294922,-0.007591042930134351,1.2876432749964726
2023-04-12,159.0664756179538,159.89525155138986,157.6457082720823,157.96144104003906,50133100,158.0916374206543,152.30190673828125,-0.0043530982968662535,1.2820380372491142
2023-04-13,159.47098360495934,163.58527977239888,159.26378211877287,163.34848022460938,68445600,158.7117431640625,152.72596527099608,0.034103507470565786,1.3257600310299889
2023-04-14,162.39141498863978,164.0983166124722,161.63171143290737,163.00314331054688,49386500,159.17349166870116,153.12065582275392,-0.00211411158271968,1.3229572263924816
2023-04-17,162.88472838463733,163.18072400329442,161.83889024634973,163.02285766601562,41516200,159.67815780639648,153.40954223632812,0.0001209446337557818,1.3231172309697021
2023-04-18,163.88125462301093,165.1737533320214,163.4372536454433,164.24630737304688,49923000,160.12559967041017,153.6503921508789,0.00750477402093952,1.333046926791341
2023-04-19,163.5852815705882,165.91375779040226,163.3287449605883,165.39083862304688,47720200,160.53752365112305,153.9687094116211,0.006968383449866389,1.342336108933889
2023-04-20,163.87138723669895,165.62760901810955,163.34846811386117,164.4239044189453,52456400,160.97263412475587,154.2101559448242,-0.0058463589165622665,1.3344883302544
2023-04-21,162.84528714652217,164.226580111448,162.29276996055185,162.81568908691406,58337300,161.27306747436523,154.47322631835937,-0.009780909519905179,1.3214358206408123
2023-04-24,162.79594256316088,163.38793383083043,161.70076925644653,163.1215362548828,41949600,161.52367553710937,154.76310180664063,0.001878487077529023,1.32391812075367
2023-04-25,162.98339679746925,164.08843103621228,161.5428928319972,161.58236694335938,48714100,161.79450912475585,155.014892578125,-0.009435721038811407,1.311425998688011
2023-04-26,160.8818480921529,163.07219461797823,160.6253265824028,161.57249450683594,45498800,162.0959274291992,155.21044525146485,-6.10984769575662e-05,1.3113458725568485
2023-04-27,162.983381676448,166.3083601395191,162.983381676448,166.16036987304688,64902300,162.47282333374022,155.51058197021484,0.028395150921042722,1.3485817365177868
2023-04-28,166.23934534853646,167.58117930762924,165.63749302008387,167.41343688964844,55275900,162.83393325805665,155.7937484741211,0.0075413109489281815,1.3587518107329128
2023-05-01,167.0187740939811,168.17314354860417,166.387323749872,167.3246307373047,52472900,163.06530151367187,156.10710571289061,-0.0005304601231159722,1.3580310470801074
2023-05-02,167.81794875664258,168.07448533412125,165.30200842691818,166.2886505126953,48425700,163.182218170166,156.4226336669922,-0.0061914388816780574,1.3496228808526896
2023-05-03,167.23586119850705,168.63689138543253,164.92712194913543,165.21324157714844,65136000,163.2720039367676,156.79696594238283,-0.006467121672051657,1.3408947054708302
2023-05-04,162.68742177323023,164.8086963510818,162.11516752574818,163.5753936767578,81235400,163.37214889526368,157.13005645751954,-0.00991353891949276,1.3276016936212034
2023-05-05,168.69605053726107,171.9717093122383,168.478988085668,171.25146484375,113453200,163.81169662475585,157.60699981689453,0.04692680845482733,1.3899018040020699
2023-05-08,170.17600924259867,171.52771903028287,169.8109565174022,171.18238830566406,55962800,164.37753524780274,158.13564208984374,-0.0004033631954561967,1.3893411687690373
2023-05-09,170.73841026688106,171.22185523763014,169.30778230115573,169.4755096435547,45326900,164.91870727539063,158.60627014160156,-0.009971111391795517,1.375487893214034
2023-05-10,170.7088427451169,171.70534597701706,169.6037932108191,171.2416229248047,53724500,165.5827163696289,159.12228424072265,0.010421053077017017,1.3898219255560118
2023-05-11,171.52774738748727,172.2578529585823,169.87018071223292,171.4290771484375,49514700,165.98674621582032,159.683486328125,0.001094676752246837,1.3913433313076808
2023-05-12,171.5377153905618,171.97244074298538,168.94914270667581,170.5003204345703,45533100,166.3616050720215,160.2142739868164,-0.005417731515074298,1.3838054066933667
2023-05-15,171.0832715155854,171.13267487374878,169.4135375098661,170.00634765625,37266700,166.7107795715332,160.63414978027345,-0.002897195600930713,1.3797962517565505
2023-05-16,169.92730529834625,171.0635071571624,169.73958158279842,170.00634765625,42110300,166.99878158569337,160.99877349853514,0.0,1.3797962517565505
2023-05-17,169.65065404284252,170.8560084675657,168.37611683004315,170.618896484375,57951600,167.26018447875975,161.41965270996093,0.0036030938642570565,1.3847677871651793
2023-05-18,170.92517510124802,173.13831574371522,170.51021405749552,172.95059204101562,65496700,167.68651885986327,161.8621044921875,0.013666103841283306,1.4036921675406429
2023-05-19,174.2745399441767,174.2745399441767,172.84193292592303,173.05929565429688,55809500,168.1986991882324,162.35172149658203,0.0006285240888650456,1.4045744218812934
2023-05-22,171.89341610998645,172.61467191708667,171.36977372037438,172.11077880859375,43570900,168.64816131591797,162.86360961914062,-0.005480877765721925,1.3968761211621026
2023-05-23,171.05361929309908,171.300620989034,169.22580071286586,169.50244140625,50747300,169.0441650390625,163.28445770263673,-0.015154991572285614,1.3757064753183639
2023-05-24,169.03807815911904,170.35212899950594,168.4749221279745,169.77908325195312,45143500,169.45449447631836,163.66900512695312,0.0016320817765691498,1.377951740786639
2023-05-25,170.3422679275043,171.814388514026,169.63090177565675,170.91531372070312,56058300,169.69224166870117,164.06838409423827,0.006692405489455044,1.3871735525808837
2023-05-26,171.24133948884744,173.66195304430255,171.03385143516303,173.32601928710938,54835000,169.9878707885742,164.459541015625,0.014104678591560615,1.4067391896907504
2023-05-30,174.8376957969301,176.84334846181008,174.45237373510062,175.17361450195312,55964400,170.38031997680665,164.90442260742188,0.01065965296175908,1.42173454126056
2023-05-31,175.20324889662425,177.19902686801004,174.64007778024913,175.12420654296875,99625300,170.8220977783203,165.30095733642577,-0.00028205137585846085,1.421333539077092
2023-06-01,175.56880955803746,177.95978426232014,174.8080400825605,177.93014526367188,68901800,171.45794296264648,165.71651306152344,0.016022563505603493,1.444106945969599
2023-06-02,178.8588580217184,179.59986307293,177.11008187963884,178.77981567382812,61996900,172.2181640625,166.17767547607423,0.004775303301737477,1.4510029946367495
2023-06-05,180.43966236224,182.73182998955744,175.90470030452616,177.42623901367188,121946500,172.5269027709961,166.59005981445313,-0.00757119395752015,1.4400171695314121
2023-06-06,177.81159450251565,177.95978950011875,175.30204865399,177.0607147216797,64848400,172.82081909179686,166.96908660888673,-0.002060147890324271,1.4370505211975713
2023-06-07,176.29993732672585,179.03672040758232,175.19337452542106,175.6873779296875,61944600,173.13141250610352,167.35952026367187,-0.007756304351029697,1.4259043199873571
2023-06-08,175.76641213704826,178.67115468077665,175.3317017878174,178.40440368652344,50214900,173.48955154418945,167.81672576904296,0.015465116440654736,1.4479560963291942
2023-06-09,179.32328158392565,180.04452251728407,178.46372026504932,178.78976440429688,48900000,173.85758590698242,168.22007202148438,0.002160040390317697,1.451083739980672
2023-06-12,179.09598823299092,181.68456110008822,178.7995831921066,181.58575439453125,54274900,174.41185760498047,168.64796234130858,0.015638423147713354,1.4737764015292563
2023-06-13,180.60761800920864,181.94141793661493,180.25193501340996,181.1114959716797,54929100,174.96711502075195,169.01624694824218,-0.0026117600713387867,1.4699272511696608
2023-06-14,181.17082015656314,182.17859141427,179.8370198890403,181.74386596679688,57462900,175.5539909362793,169.37211791992186,0.00349160605031984,1.4750596580533748
2023-06-15,181.75375744495216,184.28305271752754,181.5759083620863,183.77915954589844,65433200,176.21200408935547,169.7793505859375,0.011198692006878508,1.4915783968556862
2023-06-16,184.49051471623886,184.7474061455162,182.0600263098281,182.7022247314453,101256200,176.69958572387696,170.20194519042968,-0.005859939816430404,1.4828378372186242
2023-06-20,182.1983578536973,183.86809194337903,182.1983578536973,182.79115295410156,49799100,177.1861785888672,170.6085580444336,0.00048673858671932635,1.4835595916118458
2023-06-21,182.6824521359612,183.1863452547994,180.40015882951445,181.7537384033203,49515700,177.6683265686035,171.04632049560547,-0.005675408979130103,1.4751397841845373
2023-06-22,181.53639657516283,184.80669706223912,181.46722885451086,184.75729370117188,51245300,178.43106918334962,171.56842498779298,0.01652541138486252,1.499517075968364
2023-06-23,183.32467881492002,185.31056720794078,182.79114665956078,184.4411163330078,53117000,179.16417083740234,172.09801849365235,-0.0017113119695044698,1.496950934447783
2023-06-26,184.5893075659166,185.79467703737228,183.0084906957425,183.0480194091797,48088700,179.77080612182618,172.49200927734375,-0.007553071416640633,1.4856443571326918
2023-06-27,183.66056221310203,186.1305789275048,183.44319953617173,185.80453491210938,50730800,180.39473190307618,172.948037109375,0.015058974753328958,1.5080166379991786
2023-06-28,185.67612459327006,187.62249934110088,185.350095591546,186.9803009033203,51216800,180.98506622314454,173.4271859741211,0.006327972521053438,1.5175593258457287
2023-06-29,186.8122994033741,187.79043141526822,186.67397907524835,187.31617736816406,46347300,181.59466476440429,173.88858337402343,0.001796320057359413,1.5202853481009782
2023-06-30,189.33175958026345,192.14757008838143,188.96618679019105,191.64369201660156,85213200,182.28034210205078,174.41364044189453,0.023102727747491336,1.555408086596655
2023-07-03,191.45597092726317,191.5547776450248,189.46019281962833,190.1518096923828,31458200,182.84894180297852,174.92819854736328,-0.007784666995924505,1.543299752599732
2023-07-05,189.27246641036476,190.66554451499093,188.33384790710164,189.03533935546875,46920300,183.42939682006835,175.45259155273436,-0.0058714683742439044,1.5342383169103644
2023-07-06,187.56320791106293,189.7170705815605,186.9308841600135,189.50958251953125,45094300,184.05184020996094,175.98035247802736,0.002508754001656399,1.5380873434274078
2023-07-07,189.11441388693564,190.3592972164489,187.95844756471837,188.39315795898438,46815000,184.68712921142577,176.51656829833985,-0.005891124584329721,1.5290262792656963
2023-07-10,186.9901751208951,187.71143099184326,184.79679865953796,186.3479766845703,59922200,185.0843078613281,177.01207794189452,-0.010855921184034334,1.5124272904896707
2023-07-11,186.89140543504672,187.0297258103105,184.36210995834276,185.82435607910156,46638100,185.43603744506837,177.40535766601562,-0.0028099076511846066,1.5081775094742633
2023-07-12,187.4051170053163,189.4008949030878,186.2096372553674,187.49404907226562,60750200,185.73145217895507,177.80696990966797,0.008985329094606476,1.5217289807299736
2023-07-13,188.21527762484376,188.89700466458706,187.50391158996257,188.25479125976562,41342300,186.08861694335937,178.2255731201172,0.004057420442217907,1.5279032750039028
2023-07-14,187.94855582890273,188.88715940601534,187.35576071083716,188.40304565429688,41616200,186.42157592773438,178.6678610229492,0.0007875199007640887,1.529106529239411
2023-07-17,189.59852149146877,191.98951149918832,189.50960448705806,191.66346740722656,50520200,186.81579132080077,179.19686553955077,0.017305568185517872,1.5555685865440843
2023-07-18,191.03110761046918,191.9993499863452,190.11225351055063,191.4065399169922,48288200,187.25100708007812,179.75348846435546,-0.0013405136289665887,1.5534833256530296
2023-07-19,190.784103142532,195.85256735078863,190.33948805911442,192.76011657714844,80507300,187.74945526123048,180.18366149902343,0.007071736737643608,1.5644691507583668
2023-07-20,192.7502360363635,194.1136901954007,190.19130213491889,190.81375122070312,59581200,188.20245590209962,180.57628875732422,-0.010097344777576511,1.5486721663492773
2023-07-21,191.77214478083425,192.63170595716375,188.93655473427472,189.63804626464844,71951700,188.44649353027344,180.9795394897461,-0.0061615315905341195,1.5391299738729354
2023-07-24,191.09039681521514,192.57240699977407,189.94430532096735,190.4383087158203,45377800,188.74635314941406,181.3634732055664,0.004219946719209888,1.545625020356618
2023-07-25,191.01136672601527,192.10805493602857,190.60628029804008,191.29788208007812,37283200,189.158846282959,181.7608493041992,0.004513657835202078,1.552601442840035
2023-07-26,191.34728040522955,193.29365506077994,191.00148706119938,192.16732788085938,47471900,189.47698593139648,182.194189453125,0.004544983934622326,1.5596579914546145
2023-07-27,193.66910156142774,194.83494237556206,190.24071668140024,190.90267944335938,47460200,189.67310485839843,182.6121160888672,-0.006580975296092251,1.5493939207424987
2023-07-28,192.33530787544035,194.27180809784448,191.81166540691163,193.4813995361328,48291400,189.9813659667969,183.08161712646483,0.01350803509040599,1.5703231881927502
2023-07-31,193.70859582748605,194.1334465580661,192.91818743340556,194.0939178466797,38824100,190.10387725830077,183.55111755371092,0.0031657736196626374,1.5752944759162752
2023-08-01,193.88645666636083,194.37057034188453,192.93796352063418,193.26400756835938,35175100,190.2594871520996,183.95738586425782,-0.004275818055132885,1.5685588033540014
2023-08-02,192.70084355962268,192.83916391140565,189.54911446715442,190.27035522460938,50389300,190.32123794555665,184.30160705566405,-0.015489963089434067,1.5442618853864412
2023-08-03,189.2724853572926,190.06287880115997,188.40303447809214,188.8772735595703,61235200,190.28962249755858,184.6369369506836,-0.007321590709149395,1.5329554319139023
2023-08-04,183.2950360404776,185.13272939460776,179.7382053306166,179.807373046875,115956800,189.86033325195314,184.8430355834961,-0.04802007325584745,1.4593427997754473
2023-08-07,179.94566255524865,180.93366924130254,175.22299180197385,176.7050018310547,97576100,189.37818450927733,184.9815539550781,-0.017253859857079057,1.4341635036246845
2023-08-08,177.5349191282476,178.1079648000796,175.45022447284256,177.6436004638672,67823000,188.96914672851562,185.1161196899414,0.005311669862689383,1.4417813066850567
2023-08-09,178.70079919463467,178.76007719518685,174.88709204262926,176.05294799804688,60378500,188.3970916748047,185.17065826416015,-0.008954178262919443,1.4288713398488537
2023-08-10,177.3274561288203,178.58222898523437,175.47001359754938,175.8355712890625,54686900,187.77613067626953,185.18389739990235,-0.0012347234820900832,1.4271070788526568
2023-08-11,175.42996682009903,176.71609814181758,174.66816996475507,175.8949432373047,52036700,187.1507255554199,185.19931213378905,0.0003376560715611099,1.4275889502225991
2023-08-14,176.07299580997798,177.77466331376394,175.42002721282074,177.547119140625,43675600,186.44490814208984,185.19165161132813,0.009392969876861779,1.4409982502285807
2023-08-15,176.97334414092546,177.56693975444728,175.1628480821964,175.55857849121094,43622600,185.6525100708008,185.12722686767577,-0.011200072741473499,1.4248589650056847
2023-08-16,175.24200164765458,176.63696118746435,174.6187118962378,174.68797302246094,46964900,184.7489028930664,185.07246154785156,-0.004959059683851241,1.417793004357151
2023-08-17,175.25187020963352,175.6179215615527,171.6308784010705,172.1453399658203,66062900,183.81548233032225,184.97415405273438,-0.01455528398806083,1.3971566245424467
2023-08-18,170.46346761685473,173.23362560342792,170.12709527960956,172.630126953125,61172200,182.9650863647461,184.91300903320314,0.002816149350316044,1.4010912262629416
2023-08-21,173.2039773950168,174.25267668956494,171.88815173988496,173.96575927734375,46311900,182.14145889282227,184.82423614501954,0.0077369596361440696,1.4119314125270936
2023-08-22,175.17274094069768,175.78612762060905,174.371377027614,175.34092712402344,42038900,181.34361114501954,184.75525939941406,0.007904819042506617,1.4230924748435512
2023-08-23,176.61716031274474,179.61486234805133,176.42918310654636,179.18943786621094,52722800,180.6947166442871,184.70733306884765,0.02194873042655554,1.454327547945952
2023-08-24,178.74425133745834,179.16967585239115,174.13391827576947,174.49998474121094,54945800,179.87458190917968,184.57510284423827,-0.026170365736072565,1.4162672641161609
2023-08-25,175.4893068451812,177.2404295003986,173.9459373407173,176.70619201660156,51449600,179.03582153320312,184.4743493652344,0.01264302274101925,1.4341731633437427
2023-08-28,178.17040801110178,178.6650784859593,176.64682959084442,178.26934814453125,43820700,178.2445930480957,184.36415313720704,0.00884607443627572,1.4468599659011905
2023-08-29,177.78457014737916,182.9291401969668,177.58670497165372,182.15745544433594,53003900,177.68926544189452,184.35325775146484,0.021810296275119656,1.478416410426105
2023-08-30,182.96875056526045,185.84773686983334,182.7708853589575,185.6498565673828,60813900,177.4582405090332,184.41043182373048,0.019172430326982015,1.5067612460492663
2023-08-31,185.8377983965077,187.10415359099386,185.48163505454943,185.8674774169922,60794500,177.3077507019043,184.4927066040039,0.0011722112455840872,1.5085274885262956
2023-09-01,187.47023078000296,187.89564016216337,186.27312153245367,187.4405517578125,45766500,177.68940963745118,184.5463717651367,0.008463419005203976,1.5212947887425616
2023-09-05,186.27313129788112,187.9550080601447,185.6102746073009,187.67799377441406,45280000,178.23805923461913,184.61110931396485,0.0012667590570707432,1.5232219026946758
2023-09-06,186.39186127990337,186.83707686156265,179.53573455303794,180.96038818359375,81755800,178.40389862060547,184.56935668945312,-0.035793251279607974,1.4687008383769227
2023-09-07,173.31273740579792,176.31045432139675,171.69021887943939,175.66737365722656,112488800,178.38461990356444,184.36661346435548,-0.029249575442981235,1.4257419624016472
2023-09-08,176.4489935101174,178.31884760950354,175.89494980617377,176.28079223632812,65551300,178.40688095092773,184.15262329101563,0.0034919323169166905,1.4307205568357417
2023-09-11,178.15065045906456,178.3781946740771,175.44973851819339,177.44821166992188,58953100,178.4845443725586,183.95526397705078,0.006622499359026479,1.4401955028063325
2023-09-12,177.57683789873767,178.21001559327632,172.95661681425068,174.42083740234375,90370200,178.32823028564454,183.61080688476562,-0.017060607368697855,1.4156248927987893
2023-09-13,174.62857587906927,175.4101637291933,172.12554433664133,172.3531036376953,84267900,178.16795654296874,183.25483276367189,-0.011854855162050981,1.3988428647308657
2023-09-14,172.14533201670497,174.22295413122683,171.72981061302968,173.86679077148438,60895800,178.12689743041992,182.9514617919922,0.008782476798160799,1.4111281697346374
2023-09-15,174.59889423512476,174.61868528190746,171.967258666553,173.14456176757812,109259500,178.1768585205078,182.6241613769531,-0.004153921520616777,1.405266454062028
2023-09-18,174.59888982853914,177.46798769380123,174.2921965438023,176.07301330566406,67257600,178.34900283813477,182.3777584838867,0.016913332467334286,1.4290341928047712
2023-09-19,175.62781908525017,177.71532920549458,175.24197669791334,177.1613006591797,51826900,178.50877990722657,182.1940249633789,0.006180886741719682,1.4378668913005423
2023-09-20,177.34929700946202,177.78460955022456,173.53043939661168,173.61949157714844,58436200,178.4227081298828,181.94992767333986,-0.01999200202782958,1.409121053493913
2023-09-21,172.68948203416045,174.42082885900223,172.006834299268,172.07608032226562,63149100,178.06704025268556,181.64156829833985,-0.008889619712985963,1.3965945031987899
2023-09-22,172.8081943086496,175.19250979208792,172.19480770645978,172.92691040039062,56725400,177.98838653564454,181.33501068115234,0.004944499412885106,1.4034999638998948
2023-09-25,172.34318970903263,175.08366835534056,172.2937196425223,174.20315551757812,46172700,177.86323471069335,181.05101287841796,0.007380257440744886,1.4138581549515523
2023-09-26,172.9565908960506,173.33253018900052,169.83026989319274,170.1270751953125,64588900,177.45612106323242,180.6202850341797,-0.023398429897295014,1.3807760940281995
2023-09-27,170.78004737841366,171.19556880826096,167.24810767663843,168.61338806152344,66921800,176.7789176940918,180.16442199707032,-0.00889739115335575,1.3684907890244278
2023-09-28,167.53498917707262,170.19631868961176,165.83332157268651,168.87060546875,56294400,175.93995513916016,179.68663177490234,0.0015254862628861776,1.3705784029239707
2023-09-29,170.18644988639232,171.2252609973693,168.5243490895999,169.3850860595703,51861100,175.11583557128907,179.25805847167967,0.003046596471850238,1.374754002250713
2023-10-02,169.3949936006915,172.44216616664136,169.10807621217995,171.8980255126953,52164500,174.3387092590332,178.90325805664062,0.01483565945257559,1.3951493844591698
2023-10-03,170.42387079713225,171.77927819729268,168.99923247491208,170.5623779296875,49594600,173.48292846679686,178.50573944091798,-0.0077699995623811136,1.3843090743524658
2023-10-04,169.26636140324675,172.35311583182798,169.14764530465982,171.80897521972656,53020300,173.0253578186035,178.11596130371095,0.007308747129176174,1.3944266393255318
2023-10-05,171.93758200671277,173.5798918450903,170.83941278902026,173.045654296875,48527900,172.89427185058594,177.73352783203126,0.0071979887870634585,1.4044637066397796
2023-10-06,171.947458780219,176.09279974358,171.33405713065292,175.59812927246094,57266700,172.8601387023926,177.42743682861328,0.014750298041041443,1.425179964900542
2023-10-09,174.9253820623563,177.1415113656987,173.92615307401468,177.0821533203125,42390800,172.84183578491212,177.09945190429687,0.00845125203782171,1.4372245199831706
2023-10-10,176.20163840129018,177.80436599291428,176.05322819338144,176.48854064941406,43698000,172.94522094726562,176.74734436035158,-0.0033521880086057054,1.432406673181609
2023-10-11,176.300562769531,177.9329844734106,175.70696722860302,177.88351440429688,47551100,173.22174148559571,176.4397344970703,0.007904047196207742,1.4437284831305994
2023-10-12,178.15062065434398,180.3964135971746,177.13158565293307,178.78379821777344,56743100,173.46759185791015,176.21000335693358,0.005061086275990556,1.4510353175428283
2023-10-13,179.4862324115919,179.99079085887703,176.24119532002288,176.94363403320312,51427100,173.6575454711914,175.97133056640624,-0.010292678659443388,1.4361002772958567
2023-10-16,174.86602989056055,177.17119633941073,174.6285826048942,176.81503295898438,52517000,173.69464645385742,175.91148376464844,-0.0007267911893039658,1.435056532267361
2023-10-17,174.76709399132676,176.51823191229096,172.93682206936518,175.2617645263672,57549400,173.59966964721679,175.8826190185547,-0.008784707989040186,1.4224499796836276
2023-10-18,173.7085359906534,175.68721846222323,173.24354440214253,173.96575927734375,54764400,173.61698303222656,175.8090621948242,-0.00739468333281823,1.4119314125270934
2023-10-19,174.16358722416024,175.9444040866048,173.32265641144056,173.58978271484375,59302900,173.69266815185546,175.75979888916015,-0.0021612101373386094,1.408879932045113
2023-10-20,173.44138408316581,173.55021220691836,170.79984518424126,171.03729248046875,64244000,173.5981872558594,175.6638333129883,-0.01470415017782456,1.3881635499417986
2023-10-23,169.08825648819888,172.15520421409377,168.11869153900426,171.15597534179688,55980100,173.44582824707032,175.56905395507812,0.000693900491564925,1.3891267973114758
2023-10-24,171.20545097606092,171.81883752196748,169.6224994494151,171.59129333496094,43816600,173.51903915405273,175.44993743896484,0.002543399330901197,1.3926599014782948
2023-10-25,170.04794519039626,171.21536038795298,168.83104482476435,169.27626037597656,57157000,173.55218276977538,175.32429107666016,-0.013491552595650824,1.3738707571696465
2023-10-26,168.55403244057868,169.55327657792432,163.90413245355498,165.1111297607422,70625300,173.364208984375,175.13275421142578,-0.024605521211203962,1.3400659511126558
2023-10-27,165.13090664912622,167.1590586780216,165.05175755916278,166.42694091796875,58499100,173.21630172729493,175.01838623046876,0.00796924567794588,1.3507452659017227
2023-10-30,167.21844688952604,169.34552434251515,167.07003665801523,168.4748992919922,51131000,173.04514541625977,174.93528167724608,0.012305449843200922,1.3673667940222174
2023-10-31,167.54490564738762,169.07837213199355,166.1103491096919,168.94976806640625,44846000,172.9645149230957,174.83496185302735,0.002818632190371817,1.371220898083894
2023-11-01,169.1773175299865,172.37288485640974,168.3066925856151,172.11566162109375,56934900,172.97984924316407,174.77045654296876,0.018738667657969943,1.3969157507787513
2023-11-02,173.64913976332178,175.88504503012373,173.58978171760563,175.6772918701172,77334800,173.11143112182617,174.70021362304686,0.020693237416500976,1.4258224600604656
2023-11-03,172.38278939451087,174.93529110628108,171.5022764668811,174.76708984375,79829200,173.06987915039062,174.70555572509767,-0.005181102330744758,1.418435127989418
2023-11-06,174.49998235165765,177.51746053122469,174.3317961816863,177.31959533691406,63841300,173.0817512512207,174.71782379150392,0.014605183936209798,1.4391516339352848
2023-11-07,177.27012882075113,180.4953904276926,177.06237564620827,179.8820037841797,70530000,173.25142440795898,174.75007690429686,0.014450791196522594,1.459948513697418
2023-11-08,180.40632954214095,181.4945955371222,179.65442075331012,180.94056701660156,49340300,173.4042770385742,174.72573913574217,0.0058847645131412385,1.4685399669018377
2023-11-09,181.00985412468407,182.15747832651147,179.87210280308707,180.46571350097656,53763500,173.48837280273438,174.62205627441406,-0.0026243618192123286,1.4646859866827133
2023-11-10,182.24886906112522,184.82455079604722,181.81298306450438,184.6561279296875,66133400,173.8739974975586,174.59782928466797,0.023220003109833076,1.4986959998484148
2023-11-13,184.0815368898242,184.2895637344097,182.48659891185952,183.07107543945312,43627500,174.18679962158203,174.51043975830078,-0.008583806603146837,1.4858314832288062
2023-11-14,185.94394820695575,186.35011603301572,184.55705211313364,185.68638610839844,60108400,174.7080307006836,174.47060760498047,0.014285766676507494,1.507057725118822
2023-11-15,186.09256123667055,187.72711849110286,186.02320887124122,186.2510528564453,53790500,175.32229537963866,174.5764208984375,0.003040970099537743,1.5116406425991857
2023-11-16,187.79646053927942,189.1734556093977,186.88505441646575,187.93515014648438,54412900,176.0395637512207,174.82177642822265,0.009042081986710082,1.5253090212240106
2023-11-17,188.47011800403556,188.5989066274509,186.80584248313986,187.9153594970703,50922700,176.8834671020508,175.0544677734375,-0.0001053057365726362,1.5251483974340296
2023-11-20,188.11345647352806,190.11456230851306,188.10355547172335,189.6588592529297,46505100,177.80861129760743,175.29868072509765,0.009278112020888685,1.5392988951139015
2023-11-21,189.6192457228965,189.72821721009598,187.96487141071046,188.8564453125,38134500,178.67186889648437,175.5873928833008,-0.004230827621712008,1.5327863868303828
2023-11-22,189.69851123933077,191.12502655036587,189.0446822742513,189.5201873779297,39617700,179.68406524658204,175.93073455810546,0.0035145322381313626,1.538173414001067
2023-11-24,189.08432308458063,189.1140412122163,187.47948372810842,188.1927490234375,24048300,180.8381462097168,176.21725372314452,-0.007004205582833767,1.5273997311873542
2023-11-27,188.14319291304204,188.886176253634,187.13273133734725,188.014404296875,40552600,181.91751937866212,176.51465057373048,-0.0009476705531321628,1.5259522594392458
2023-11-28,188.0045033953615,189.29234420962146,187.62805366546104,188.6186981201172,38415400,182.92470932006836,176.76556427001952,0.0032140825885234037,1.5308567960272275
2023-11-29,189.1140277612682,190.29289712708973,187.202091144525,187.5983428955078,43014200,183.85713806152344,176.9743051147461,-0.005409618636852187,1.5225754445730868
2023-11-30,188.06392585220516,188.53944603911236,186.42936866830843,188.1728973388672,48794400,184.6599998474121,177.26537322998047,0.0030626840007823564,1.5272386120271648
2023-12-01,188.54936135651158,189.76784980640184,187.4596464071562,189.4508514404297,45704800,185.34867782592772,177.61286865234376,0.0067913823915943805,1.537610673444649
2023-12-04,188.2026180609542,188.27197042434886,185.69628894913777,187.6577606201172,43389500,185.9932113647461,177.9074856567383,-0.00946467543787377,1.523057687470685
2023-12-05,188.43048297188668,192.58127042048946,188.40074973234698,191.61044311523438,66628400,186.7077537536621,178.2556314086914,0.021063250899166164,1.5551382336757837
2023-12-06,192.6308143978356,192.93791176533594,190.3127099631217,190.520751953125,41089700,187.23969116210938,178.66350494384767,-0.0056870134236578496,1.546294141665226
2023-12-07,191.8184723448333,193.17565028147504,191.77883810543793,192.45248413085938,47477700,187.81528701782227,179.14028686523437,0.010139221884919225,1.5619723610669205
2023-12-08,192.38313041357762,194.15639227120218,191.8580901155405,193.87901306152344,53406400,188.4859519958496,179.64045501708983,0.0074123695368570885,1.5735502774135057
2023-12-11,191.3033586686724,191.67980841318465,189.6291670567547,191.37269592285156,60943700,188.8217803955078,180.08020721435548,-0.012927222493527735,1.553208642872629
2023-12-12,191.27362671385956,192.8982829604503,189.92634969600132,192.8883819580078,52696900,189.31264572143556,180.5000143432617,0.007920074636808438,1.5655101712507162
2023-12-13,193.26484157245065,196.1476208399163,193.02709655478665,196.10800170898438,70404200,189.83372650146484,181.01092681884765,0.01669162091720744,1.5916410735712656
2023-12-14,196.16742216364264,197.75244424587422,194.32482284497263,196.25657653808594,66831600,190.33400268554686,181.49987884521485,0.0007576173731147495,1.5928469285003661
2023-12-15,195.6819844119138,196.54384019084355,195.15694409646994,195.72161865234375,128538400,190.72332611083985,181.95339813232422,-0.0027258087101013073,1.5885051324688018
2023-12-18,194.2554683979516,194.7904248709577,192.57137584033416,194.05734252929688,55751900,191.03042526245116,182.32258239746093,-0.008503282031419812,1.5749976253190616
2023-12-19,194.32481746504553,195.1074199235508,194.0573392330858,195.09751892089844,40714100,191.3023582458496,182.68288970947265,0.005360149624044963,1.5834398482482872
2023-12-20,195.05790478940895,195.83060632493024,193.0072784423828,193.0072784423828,52242800,191.50989990234376,183.01326446533204,-0.010713823989546012,1.5664751524161216
2023-12-21,194.26535554386368,195.236182736706,191.68967428738756,192.85862731933594,46482500,191.67682189941405,183.31276672363282,-0.0007701840274964011,1.5652686782742606
2023-12-22,193.35396213687642,193.58182122700063,191.164646529934,191.78875732421875,37149600,191.85662231445312,183.57286590576172,-0.0055474313490041505,1.5565854577387876
2023-12-26,191.7986702097743,192.0760494430794,191.02596875756228,191.24391174316406,28919300,192.0180976867676,183.85887145996094,-0.0028408629820444453,1.5521634117335088
2023-12-27,190.68915794498034,191.6897034098951,189.3022466284661,191.3429718017578,48087700,192.1543113708496,184.1494302368164,0.000517977579996387,1.5529673975812774
2023-12-28,192.32370988068791,192.8388492190412,191.36278357008254,191.76895141601562,34049900,192.362841796875,184.47957397460937,0.0022262621419884,1.556424710106255
2023-12-29,192.08593771837442,192.58125990446206,189.9362412446781,190.728759765625,42672100,192.4906349182129,184.814833984375,-0.005424192199570799,1.5479823633344774
